gradebook_result_id,user_id,course_id,quiz_id,assignment_id,gradebook_id,result_for,grade_name,grade_point,earned_grade_point,earned_percent,generate_date,update_date
1,25,6137,NULL,6427,NULL,assignment,NULL,NULL,NULL,0,"2019-10-31 16:34:36","2019-12-11 11:26:39"
2,25,6137,NULL,6401,NULL,assignment,NULL,NULL,NULL,0,"2019-10-31 16:34:36","2019-12-11 11:26:39"
3,25,6137,NULL,6403,NULL,assignment,NULL,NULL,NULL,0,"2019-10-31 16:34:36","2019-12-11 11:26:39"
4,25,6137,NULL,6406,NULL,assignment,NULL,NULL,NULL,0,"2019-10-31 16:34:36","2019-12-11 11:26:39"
5,25,6137,NULL,6407,NULL,assignment,NULL,NULL,NULL,0,"2019-10-31 16:34:36","2019-12-11 11:26:39"
6,25,6137,NULL,6408,NULL,assignment,NULL,NULL,NULL,0,"2019-10-31 16:34:36","2019-12-11 11:26:39"
7,25,6137,NULL,6409,NULL,assignment,NULL,NULL,NULL,0,"2019-10-31 16:34:36","2019-12-11 11:26:39"
8,25,6137,NULL,6413,NULL,assignment,NULL,NULL,NULL,0,"2019-10-31 16:34:36","2019-12-11 11:26:39"
9,25,6137,NULL,6415,NULL,assignment,NULL,NULL,NULL,0,"2019-10-31 16:34:36","2019-12-11 11:26:39"
10,25,6137,NULL,6416,NULL,assignment,NULL,NULL,NULL,0,"2019-10-31 16:34:36","2019-12-11 11:26:39"
11,25,6137,NULL,6418,NULL,assignment,NULL,NULL,NULL,0,"2019-10-31 16:34:36","2019-12-11 11:26:39"
12,25,6137,NULL,6422,NULL,assignment,NULL,NULL,NULL,0,"2019-10-31 16:34:36","2019-12-11 11:26:39"
13,25,6137,NULL,6423,NULL,assignment,NULL,NULL,NULL,0,"2019-10-31 16:34:36","2019-12-11 11:26:39"
14,25,6137,NULL,6424,NULL,assignment,NULL,NULL,NULL,0,"2019-10-31 16:34:36","2019-12-11 11:26:39"
15,25,6137,NULL,6425,NULL,assignment,NULL,NULL,NULL,0,"2019-10-31 16:34:36","2019-12-11 11:26:39"
16,25,6137,NULL,NULL,NULL,final,NULL,NULL,0.00,0,"2019-10-31 16:34:36","2019-12-11 11:26:41"
17,189,6137,NULL,6427,NULL,assignment,NULL,NULL,NULL,0,"2019-11-29 03:06:43","2019-11-29 03:06:43"
18,189,6137,NULL,6401,NULL,assignment,NULL,NULL,NULL,0,"2019-11-29 03:06:43","2019-11-29 03:06:43"
19,189,6137,NULL,6403,NULL,assignment,NULL,NULL,NULL,0,"2019-11-29 03:06:43","2019-11-29 03:06:43"
20,189,6137,NULL,6406,NULL,assignment,NULL,NULL,NULL,0,"2019-11-29 03:06:43","2019-11-29 03:06:43"
21,189,6137,NULL,6407,NULL,assignment,NULL,NULL,NULL,0,"2019-11-29 03:06:43","2019-11-29 03:06:43"
22,189,6137,NULL,6408,NULL,assignment,NULL,NULL,NULL,0,"2019-11-29 03:06:43","2019-11-29 03:06:43"
23,189,6137,NULL,6409,NULL,assignment,NULL,NULL,NULL,0,"2019-11-29 03:06:43","2019-11-29 03:06:43"
24,189,6137,NULL,6413,NULL,assignment,NULL,NULL,NULL,0,"2019-11-29 03:06:43","2019-11-29 03:06:43"
25,189,6137,NULL,6415,NULL,assignment,NULL,NULL,NULL,0,"2019-11-29 03:06:43","2019-11-29 03:06:43"
26,189,6137,NULL,6416,NULL,assignment,NULL,NULL,NULL,0,"2019-11-29 03:06:43","2019-11-29 03:06:43"
27,189,6137,NULL,6418,NULL,assignment,NULL,NULL,NULL,0,"2019-11-29 03:06:43","2019-11-29 03:06:43"
28,189,6137,NULL,6422,NULL,assignment,NULL,NULL,NULL,0,"2019-11-29 03:06:43","2019-11-29 03:06:43"
29,189,6137,NULL,6423,NULL,assignment,NULL,NULL,NULL,0,"2019-11-29 03:06:43","2019-11-29 03:06:43"
30,189,6137,NULL,6424,NULL,assignment,NULL,NULL,NULL,0,"2019-11-29 03:06:43","2019-11-29 03:06:43"
31,189,6137,NULL,6425,NULL,assignment,NULL,NULL,NULL,0,"2019-11-29 03:06:43","2019-11-29 03:06:43"
32,189,6137,NULL,6543,NULL,assignment,NULL,NULL,NULL,0,"2019-11-29 03:06:43","2019-11-29 03:06:43"
33,189,6137,NULL,6544,NULL,assignment,NULL,NULL,NULL,0,"2019-11-29 03:06:43","2019-11-29 03:06:43"
34,189,6137,NULL,6561,NULL,assignment,NULL,NULL,NULL,0,"2019-11-29 03:06:43","2019-11-29 03:06:43"
35,189,6137,NULL,6564,NULL,assignment,NULL,NULL,NULL,0,"2019-11-29 03:06:43","2019-11-29 03:06:43"
36,189,6137,NULL,6567,NULL,assignment,NULL,NULL,NULL,0,"2019-11-29 03:06:43","2019-11-29 03:06:43"
37,189,6137,NULL,6684,NULL,assignment,NULL,NULL,NULL,0,"2019-11-29 03:06:43","2019-11-29 03:06:43"
38,189,6137,NULL,6686,NULL,assignment,NULL,NULL,NULL,0,"2019-11-29 03:06:43","2019-11-29 03:06:43"
39,189,6137,NULL,6689,NULL,assignment,NULL,NULL,NULL,0,"2019-11-29 03:06:43","2019-11-29 03:06:43"
40,189,6137,NULL,6690,NULL,assignment,NULL,NULL,NULL,0,"2019-11-29 03:06:43","2019-11-29 03:06:43"
41,189,6137,NULL,6691,NULL,assignment,NULL,NULL,NULL,0,"2019-11-29 03:06:43","2019-11-29 03:06:43"
42,189,6137,NULL,6702,NULL,assignment,NULL,NULL,NULL,0,"2019-11-29 03:06:43","2019-11-29 03:06:43"
43,189,6137,NULL,6703,NULL,assignment,NULL,NULL,NULL,0,"2019-11-29 03:06:43","2019-11-29 03:06:43"
44,189,6137,NULL,6704,NULL,assignment,NULL,NULL,NULL,0,"2019-11-29 03:06:43","2019-11-29 03:06:43"
45,189,6137,NULL,6705,NULL,assignment,NULL,NULL,NULL,0,"2019-11-29 03:06:43","2019-11-29 03:06:43"
46,189,6137,NULL,6706,NULL,assignment,NULL,NULL,NULL,0,"2019-11-29 03:06:43","2019-11-29 03:06:43"
47,189,6137,NULL,6707,NULL,assignment,NULL,NULL,NULL,0,"2019-11-29 03:06:43","2019-11-29 03:06:43"
48,189,6137,NULL,6709,NULL,assignment,NULL,NULL,NULL,0,"2019-11-29 03:06:43","2019-11-29 03:06:43"
49,189,6137,NULL,6710,NULL,assignment,NULL,NULL,NULL,0,"2019-11-29 03:06:43","2019-11-29 03:06:43"
50,189,6137,NULL,6711,NULL,assignment,NULL,NULL,NULL,0,"2019-11-29 03:06:43","2019-11-29 03:06:43"
51,189,6137,NULL,6712,NULL,assignment,NULL,NULL,NULL,0,"2019-11-29 03:06:43","2019-11-29 03:06:43"
52,189,6137,NULL,6713,NULL,assignment,NULL,NULL,NULL,0,"2019-11-29 03:06:43","2019-11-29 03:06:43"
53,189,6137,NULL,6714,NULL,assignment,NULL,NULL,NULL,0,"2019-11-29 03:06:43","2019-11-29 03:06:43"
54,189,6137,NULL,6715,NULL,assignment,NULL,NULL,NULL,0,"2019-11-29 03:06:43","2019-11-29 03:06:43"
55,189,6137,NULL,6828,NULL,assignment,NULL,NULL,NULL,0,"2019-11-29 03:06:43","2019-11-29 03:06:43"
56,189,6137,NULL,6829,NULL,assignment,NULL,NULL,NULL,0,"2019-11-29 03:06:43","2019-11-29 03:06:43"
57,189,6137,NULL,6830,NULL,assignment,NULL,NULL,NULL,0,"2019-11-29 03:06:43","2019-11-29 03:06:43"
58,189,6137,NULL,6831,NULL,assignment,NULL,NULL,NULL,0,"2019-11-29 03:06:43","2019-11-29 03:06:43"
59,189,6137,NULL,6832,NULL,assignment,NULL,NULL,NULL,0,"2019-11-29 03:06:43","2019-11-29 03:06:43"
60,189,6137,NULL,6835,NULL,assignment,NULL,NULL,NULL,0,"2019-11-29 03:06:43","2019-11-29 03:06:43"
61,189,6137,NULL,6836,NULL,assignment,NULL,NULL,NULL,0,"2019-11-29 03:06:43","2019-11-29 03:06:43"
62,189,6137,NULL,6837,NULL,assignment,NULL,NULL,NULL,0,"2019-11-29 03:06:43","2019-11-29 03:06:43"
63,189,6137,NULL,6838,NULL,assignment,NULL,NULL,NULL,0,"2019-11-29 03:06:43","2019-11-29 03:06:43"
64,189,6137,NULL,6839,NULL,assignment,NULL,NULL,NULL,0,"2019-11-29 03:06:43","2019-11-29 03:06:43"
65,189,6137,NULL,6840,NULL,assignment,NULL,NULL,NULL,0,"2019-11-29 03:06:43","2019-11-29 03:06:43"
66,189,6137,NULL,6841,NULL,assignment,NULL,NULL,NULL,0,"2019-11-29 03:06:43","2019-11-29 03:06:43"
67,189,6137,NULL,6842,NULL,assignment,NULL,NULL,NULL,0,"2019-11-29 03:06:43","2019-11-29 03:06:43"
68,189,6137,NULL,6844,NULL,assignment,NULL,NULL,NULL,0,"2019-11-29 03:06:43","2019-11-29 03:06:43"
69,189,6137,NULL,6845,NULL,assignment,NULL,NULL,NULL,0,"2019-11-29 03:06:43","2019-11-29 03:06:43"
70,189,6137,NULL,6846,NULL,assignment,NULL,NULL,NULL,0,"2019-11-29 03:06:43","2019-11-29 03:06:43"
71,189,6137,NULL,6848,NULL,assignment,NULL,NULL,NULL,0,"2019-11-29 03:06:43","2019-11-29 03:06:43"
72,189,6137,NULL,6851,NULL,assignment,NULL,NULL,NULL,0,"2019-11-29 03:06:43","2019-11-29 03:06:43"
73,189,6137,NULL,6850,NULL,assignment,NULL,NULL,NULL,0,"2019-11-29 03:06:43","2019-11-29 03:06:43"
74,189,6137,NULL,6852,NULL,assignment,NULL,NULL,NULL,0,"2019-11-29 03:06:43","2019-11-29 03:06:43"
75,189,6137,NULL,6853,NULL,assignment,NULL,NULL,NULL,0,"2019-11-29 03:06:43","2019-11-29 03:06:43"
76,189,6137,NULL,6854,NULL,assignment,NULL,NULL,NULL,0,"2019-11-29 03:06:43","2019-11-29 03:06:43"
77,189,6137,NULL,6855,NULL,assignment,NULL,NULL,NULL,0,"2019-11-29 03:06:43","2019-11-29 03:06:43"
78,189,6137,NULL,6856,NULL,assignment,NULL,NULL,NULL,0,"2019-11-29 03:06:43","2019-11-29 03:06:43"
79,189,6137,NULL,6876,NULL,assignment,NULL,NULL,NULL,0,"2019-11-29 03:06:43","2019-11-29 03:06:43"
80,189,6137,NULL,6877,NULL,assignment,NULL,NULL,NULL,0,"2019-11-29 03:06:43","2019-11-29 03:06:43"
81,189,6137,NULL,6878,NULL,assignment,NULL,NULL,NULL,0,"2019-11-29 03:06:43","2019-11-29 03:06:43"
82,189,6137,NULL,6879,NULL,assignment,NULL,NULL,NULL,0,"2019-11-29 03:06:43","2019-11-29 03:06:43"
83,189,6137,NULL,6880,NULL,assignment,NULL,NULL,NULL,0,"2019-11-29 03:06:43","2019-11-29 03:06:43"
84,189,6137,NULL,6881,NULL,assignment,NULL,NULL,NULL,0,"2019-11-29 03:06:43","2019-11-29 03:06:43"
85,189,6137,NULL,6882,NULL,assignment,NULL,NULL,NULL,0,"2019-11-29 03:06:43","2019-11-29 03:06:43"
86,189,6137,NULL,6883,NULL,assignment,NULL,NULL,NULL,0,"2019-11-29 03:06:43","2019-11-29 03:06:43"
87,189,6137,NULL,6890,NULL,assignment,NULL,NULL,NULL,0,"2019-11-29 03:06:43","2019-11-29 03:06:43"
88,189,6137,NULL,6891,NULL,assignment,NULL,NULL,NULL,0,"2019-11-29 03:06:43","2019-11-29 03:06:43"
89,189,6137,NULL,6892,NULL,assignment,NULL,NULL,NULL,0,"2019-11-29 03:06:43","2019-11-29 03:06:43"
90,189,6137,NULL,6893,NULL,assignment,NULL,NULL,NULL,0,"2019-11-29 03:06:44","2019-11-29 03:06:44"
91,189,6137,NULL,6894,NULL,assignment,NULL,NULL,NULL,0,"2019-11-29 03:06:44","2019-11-29 03:06:44"
92,189,6137,NULL,6985,NULL,assignment,NULL,NULL,NULL,0,"2019-11-29 03:06:44","2019-11-29 03:06:44"
93,189,6137,NULL,6987,NULL,assignment,NULL,NULL,NULL,0,"2019-11-29 03:06:44","2019-11-29 03:06:44"
94,189,6137,NULL,6988,NULL,assignment,NULL,NULL,NULL,0,"2019-11-29 03:06:44","2019-11-29 03:06:44"
95,189,6137,NULL,6989,NULL,assignment,NULL,NULL,NULL,0,"2019-11-29 03:06:44","2019-11-29 03:06:44"
96,189,6137,NULL,6990,NULL,assignment,NULL,NULL,NULL,0,"2019-11-29 03:06:44","2019-11-29 03:06:44"
97,189,6137,NULL,6992,NULL,assignment,NULL,NULL,NULL,0,"2019-11-29 03:06:44","2019-11-29 03:06:44"
98,189,6137,NULL,6993,NULL,assignment,NULL,NULL,NULL,0,"2019-11-29 03:06:44","2019-11-29 03:06:44"
99,189,6137,NULL,6994,NULL,assignment,NULL,NULL,NULL,0,"2019-11-29 03:06:44","2019-11-29 03:06:44"
100,189,6137,NULL,6995,NULL,assignment,NULL,NULL,NULL,0,"2019-11-29 03:06:44","2019-11-29 03:06:44"
101,189,6137,NULL,6996,NULL,assignment,NULL,NULL,NULL,0,"2019-11-29 03:06:44","2019-11-29 03:06:44"
102,189,6137,NULL,6998,NULL,assignment,NULL,NULL,NULL,0,"2019-11-29 03:06:44","2019-11-29 03:06:44"
103,189,6137,NULL,6999,NULL,assignment,NULL,NULL,NULL,0,"2019-11-29 03:06:44","2019-11-29 03:06:44"
104,189,6137,NULL,7000,NULL,assignment,NULL,NULL,NULL,0,"2019-11-29 03:06:44","2019-11-29 03:06:44"
105,189,6137,NULL,7003,NULL,assignment,NULL,NULL,NULL,0,"2019-11-29 03:06:44","2019-11-29 03:06:44"
106,189,6137,NULL,7004,NULL,assignment,NULL,NULL,NULL,0,"2019-11-29 03:06:44","2019-11-29 03:06:44"
107,189,6137,NULL,7005,NULL,assignment,NULL,NULL,NULL,0,"2019-11-29 03:06:44","2019-11-29 03:06:44"
108,189,6137,NULL,7006,NULL,assignment,NULL,NULL,NULL,0,"2019-11-29 03:06:44","2019-11-29 03:06:44"
109,189,6137,NULL,7007,NULL,assignment,NULL,NULL,NULL,0,"2019-11-29 03:06:44","2019-11-29 03:06:44"
110,189,6137,NULL,7008,NULL,assignment,NULL,NULL,NULL,0,"2019-11-29 03:06:44","2019-11-29 03:06:44"
111,189,6137,NULL,7009,NULL,assignment,NULL,NULL,NULL,0,"2019-11-29 03:06:44","2019-11-29 03:06:44"
112,189,6137,NULL,7012,NULL,assignment,NULL,NULL,NULL,0,"2019-11-29 03:06:44","2019-11-29 03:06:44"
113,189,6137,NULL,7013,NULL,assignment,NULL,NULL,NULL,0,"2019-11-29 03:06:44","2019-11-29 03:06:44"
114,189,6137,NULL,7014,NULL,assignment,NULL,NULL,NULL,0,"2019-11-29 03:06:44","2019-11-29 03:06:44"
115,189,6137,NULL,7015,NULL,assignment,NULL,NULL,NULL,0,"2019-11-29 03:06:44","2019-11-29 03:06:44"
116,189,6137,NULL,7016,NULL,assignment,NULL,NULL,NULL,0,"2019-11-29 03:06:44","2019-11-29 03:06:44"
117,189,6137,NULL,7020,NULL,assignment,NULL,NULL,NULL,0,"2019-11-29 03:06:44","2019-11-29 03:06:44"
118,189,6137,NULL,7021,NULL,assignment,NULL,NULL,NULL,0,"2019-11-29 03:06:44","2019-11-29 03:06:44"
119,189,6137,NULL,7248,NULL,assignment,NULL,NULL,NULL,0,"2019-11-29 03:06:44","2019-11-29 03:06:44"
120,189,6137,NULL,7249,NULL,assignment,NULL,NULL,NULL,0,"2019-11-29 03:06:44","2019-11-29 03:06:44"
121,189,6137,NULL,7250,NULL,assignment,NULL,NULL,NULL,0,"2019-11-29 03:06:44","2019-11-29 03:06:44"
122,189,6137,NULL,7252,NULL,assignment,NULL,NULL,NULL,0,"2019-11-29 03:06:44","2019-11-29 03:06:44"
123,189,6137,NULL,7253,NULL,assignment,NULL,NULL,NULL,0,"2019-11-29 03:06:44","2019-11-29 03:06:44"
124,189,6137,NULL,7254,NULL,assignment,NULL,NULL,NULL,0,"2019-11-29 03:06:44","2019-11-29 03:06:44"
125,189,6137,NULL,7255,NULL,assignment,NULL,NULL,NULL,0,"2019-11-29 03:06:44","2019-11-29 03:06:44"
126,189,6137,NULL,7256,NULL,assignment,NULL,NULL,NULL,0,"2019-11-29 03:06:44","2019-11-29 03:06:44"
127,189,6137,NULL,7258,NULL,assignment,NULL,NULL,NULL,0,"2019-11-29 03:06:44","2019-11-29 03:06:44"
128,189,6137,NULL,7259,NULL,assignment,NULL,NULL,NULL,0,"2019-11-29 03:06:44","2019-11-29 03:06:44"
129,189,6137,NULL,7260,NULL,assignment,NULL,NULL,NULL,0,"2019-11-29 03:06:44","2019-11-29 03:06:44"
130,189,6137,NULL,7261,NULL,assignment,NULL,NULL,NULL,0,"2019-11-29 03:06:44","2019-11-29 03:06:44"
131,189,6137,NULL,7262,NULL,assignment,NULL,NULL,NULL,0,"2019-11-29 03:06:44","2019-11-29 03:06:44"
132,189,6137,NULL,NULL,NULL,final,NULL,NULL,0.00,0,"2019-11-29 03:06:44","2019-11-29 03:06:44"
133,25,6137,NULL,6543,NULL,assignment,NULL,NULL,NULL,0,"2019-12-11 11:26:39","2019-12-11 11:26:39"
134,25,6137,NULL,6544,NULL,assignment,NULL,NULL,NULL,0,"2019-12-11 11:26:39","2019-12-11 11:26:39"
135,25,6137,NULL,6561,NULL,assignment,NULL,NULL,NULL,0,"2019-12-11 11:26:39","2019-12-11 11:26:39"
136,25,6137,NULL,6564,NULL,assignment,NULL,NULL,NULL,0,"2019-12-11 11:26:39","2019-12-11 11:26:39"
137,25,6137,NULL,6567,NULL,assignment,NULL,NULL,NULL,0,"2019-12-11 11:26:39","2019-12-11 11:26:39"
138,25,6137,NULL,6684,NULL,assignment,NULL,NULL,NULL,0,"2019-12-11 11:26:39","2019-12-11 11:26:39"
139,25,6137,NULL,6686,NULL,assignment,NULL,NULL,NULL,0,"2019-12-11 11:26:39","2019-12-11 11:26:39"
140,25,6137,NULL,6689,NULL,assignment,NULL,NULL,NULL,0,"2019-12-11 11:26:39","2019-12-11 11:26:39"
141,25,6137,NULL,6690,NULL,assignment,NULL,NULL,NULL,0,"2019-12-11 11:26:39","2019-12-11 11:26:39"
142,25,6137,NULL,6691,NULL,assignment,NULL,NULL,NULL,0,"2019-12-11 11:26:39","2019-12-11 11:26:39"
143,25,6137,NULL,6702,NULL,assignment,NULL,NULL,NULL,0,"2019-12-11 11:26:39","2019-12-11 11:26:39"
144,25,6137,NULL,6703,NULL,assignment,NULL,NULL,NULL,0,"2019-12-11 11:26:39","2019-12-11 11:26:39"
145,25,6137,NULL,6704,NULL,assignment,NULL,NULL,NULL,0,"2019-12-11 11:26:39","2019-12-11 11:26:39"
146,25,6137,NULL,6705,NULL,assignment,NULL,NULL,NULL,0,"2019-12-11 11:26:39","2019-12-11 11:26:39"
147,25,6137,NULL,6706,NULL,assignment,NULL,NULL,NULL,0,"2019-12-11 11:26:39","2019-12-11 11:26:39"
148,25,6137,NULL,6707,NULL,assignment,NULL,NULL,NULL,0,"2019-12-11 11:26:39","2019-12-11 11:26:39"
149,25,6137,NULL,6709,NULL,assignment,NULL,NULL,NULL,0,"2019-12-11 11:26:39","2019-12-11 11:26:39"
150,25,6137,NULL,6710,NULL,assignment,NULL,NULL,NULL,0,"2019-12-11 11:26:40","2019-12-11 11:26:40"
151,25,6137,NULL,6711,NULL,assignment,NULL,NULL,NULL,0,"2019-12-11 11:26:40","2019-12-11 11:26:40"
152,25,6137,NULL,6712,NULL,assignment,NULL,NULL,NULL,0,"2019-12-11 11:26:40","2019-12-11 11:26:40"
153,25,6137,NULL,6713,NULL,assignment,NULL,NULL,NULL,0,"2019-12-11 11:26:40","2019-12-11 11:26:40"
154,25,6137,NULL,6714,NULL,assignment,NULL,NULL,NULL,0,"2019-12-11 11:26:40","2019-12-11 11:26:40"
155,25,6137,NULL,6715,NULL,assignment,NULL,NULL,NULL,0,"2019-12-11 11:26:40","2019-12-11 11:26:40"
156,25,6137,NULL,6828,NULL,assignment,NULL,NULL,NULL,0,"2019-12-11 11:26:40","2019-12-11 11:26:40"
157,25,6137,NULL,6829,NULL,assignment,NULL,NULL,NULL,0,"2019-12-11 11:26:40","2019-12-11 11:26:40"
158,25,6137,NULL,6830,NULL,assignment,NULL,NULL,NULL,0,"2019-12-11 11:26:40","2019-12-11 11:26:40"
159,25,6137,NULL,6831,NULL,assignment,NULL,NULL,NULL,0,"2019-12-11 11:26:40","2019-12-11 11:26:40"
160,25,6137,NULL,6832,NULL,assignment,NULL,NULL,NULL,0,"2019-12-11 11:26:40","2019-12-11 11:26:40"
161,25,6137,NULL,6835,NULL,assignment,NULL,NULL,NULL,0,"2019-12-11 11:26:40","2019-12-11 11:26:40"
162,25,6137,NULL,6836,NULL,assignment,NULL,NULL,NULL,0,"2019-12-11 11:26:40","2019-12-11 11:26:40"
163,25,6137,NULL,6837,NULL,assignment,NULL,NULL,NULL,0,"2019-12-11 11:26:40","2019-12-11 11:26:40"
164,25,6137,NULL,6838,NULL,assignment,NULL,NULL,NULL,0,"2019-12-11 11:26:40","2019-12-11 11:26:40"
165,25,6137,NULL,6839,NULL,assignment,NULL,NULL,NULL,0,"2019-12-11 11:26:40","2019-12-11 11:26:40"
166,25,6137,NULL,6840,NULL,assignment,NULL,NULL,NULL,0,"2019-12-11 11:26:40","2019-12-11 11:26:40"
167,25,6137,NULL,6841,NULL,assignment,NULL,NULL,NULL,0,"2019-12-11 11:26:40","2019-12-11 11:26:40"
168,25,6137,NULL,6842,NULL,assignment,NULL,NULL,NULL,0,"2019-12-11 11:26:40","2019-12-11 11:26:40"
169,25,6137,NULL,6844,NULL,assignment,NULL,NULL,NULL,0,"2019-12-11 11:26:40","2019-12-11 11:26:40"
170,25,6137,NULL,6845,NULL,assignment,NULL,NULL,NULL,0,"2019-12-11 11:26:40","2019-12-11 11:26:40"
171,25,6137,NULL,6846,NULL,assignment,NULL,NULL,NULL,0,"2019-12-11 11:26:40","2019-12-11 11:26:40"
172,25,6137,NULL,6848,NULL,assignment,NULL,NULL,NULL,0,"2019-12-11 11:26:40","2019-12-11 11:26:40"
173,25,6137,NULL,6851,NULL,assignment,NULL,NULL,NULL,0,"2019-12-11 11:26:40","2019-12-11 11:26:40"
174,25,6137,NULL,6850,NULL,assignment,NULL,NULL,NULL,0,"2019-12-11 11:26:40","2019-12-11 11:26:40"
175,25,6137,NULL,6852,NULL,assignment,NULL,NULL,NULL,0,"2019-12-11 11:26:40","2019-12-11 11:26:40"
176,25,6137,NULL,6853,NULL,assignment,NULL,NULL,NULL,0,"2019-12-11 11:26:40","2019-12-11 11:26:40"
177,25,6137,NULL,6854,NULL,assignment,NULL,NULL,NULL,0,"2019-12-11 11:26:40","2019-12-11 11:26:40"
178,25,6137,NULL,6855,NULL,assignment,NULL,NULL,NULL,0,"2019-12-11 11:26:40","2019-12-11 11:26:40"
179,25,6137,NULL,6856,NULL,assignment,NULL,NULL,NULL,0,"2019-12-11 11:26:40","2019-12-11 11:26:40"
180,25,6137,NULL,6876,NULL,assignment,NULL,NULL,NULL,0,"2019-12-11 11:26:40","2019-12-11 11:26:40"
181,25,6137,NULL,6877,NULL,assignment,NULL,NULL,NULL,0,"2019-12-11 11:26:40","2019-12-11 11:26:40"
182,25,6137,NULL,6878,NULL,assignment,NULL,NULL,NULL,0,"2019-12-11 11:26:40","2019-12-11 11:26:40"
183,25,6137,NULL,6879,NULL,assignment,NULL,NULL,NULL,0,"2019-12-11 11:26:40","2019-12-11 11:26:40"
184,25,6137,NULL,6880,NULL,assignment,NULL,NULL,NULL,0,"2019-12-11 11:26:40","2019-12-11 11:26:40"
185,25,6137,NULL,6881,NULL,assignment,NULL,NULL,NULL,0,"2019-12-11 11:26:40","2019-12-11 11:26:40"
186,25,6137,NULL,6882,NULL,assignment,NULL,NULL,NULL,0,"2019-12-11 11:26:40","2019-12-11 11:26:40"
187,25,6137,NULL,6883,NULL,assignment,NULL,NULL,NULL,0,"2019-12-11 11:26:40","2019-12-11 11:26:40"
188,25,6137,NULL,6890,NULL,assignment,NULL,NULL,NULL,0,"2019-12-11 11:26:40","2019-12-11 11:26:40"
189,25,6137,NULL,6891,NULL,assignment,NULL,NULL,NULL,0,"2019-12-11 11:26:40","2019-12-11 11:26:40"
190,25,6137,NULL,6892,NULL,assignment,NULL,NULL,NULL,0,"2019-12-11 11:26:40","2019-12-11 11:26:40"
191,25,6137,NULL,6893,NULL,assignment,NULL,NULL,NULL,0,"2019-12-11 11:26:40","2019-12-11 11:26:40"
192,25,6137,NULL,6894,NULL,assignment,NULL,NULL,NULL,0,"2019-12-11 11:26:40","2019-12-11 11:26:40"
193,25,6137,NULL,6985,NULL,assignment,NULL,NULL,NULL,0,"2019-12-11 11:26:40","2019-12-11 11:26:40"
194,25,6137,NULL,6987,NULL,assignment,NULL,NULL,NULL,0,"2019-12-11 11:26:40","2019-12-11 11:26:40"
195,25,6137,NULL,6988,NULL,assignment,NULL,NULL,NULL,0,"2019-12-11 11:26:40","2019-12-11 11:26:40"
196,25,6137,NULL,6989,NULL,assignment,NULL,NULL,NULL,0,"2019-12-11 11:26:40","2019-12-11 11:26:40"
197,25,6137,NULL,6990,NULL,assignment,NULL,NULL,NULL,0,"2019-12-11 11:26:40","2019-12-11 11:26:40"
198,25,6137,NULL,6992,NULL,assignment,NULL,NULL,NULL,0,"2019-12-11 11:26:40","2019-12-11 11:26:40"
199,25,6137,NULL,6993,NULL,assignment,NULL,NULL,NULL,0,"2019-12-11 11:26:40","2019-12-11 11:26:40"
200,25,6137,NULL,6994,NULL,assignment,NULL,NULL,NULL,0,"2019-12-11 11:26:40","2019-12-11 11:26:40"
201,25,6137,NULL,6995,NULL,assignment,NULL,NULL,NULL,0,"2019-12-11 11:26:40","2019-12-11 11:26:40"
202,25,6137,NULL,6996,NULL,assignment,NULL,NULL,NULL,0,"2019-12-11 11:26:40","2019-12-11 11:26:40"
203,25,6137,NULL,6998,NULL,assignment,NULL,NULL,NULL,0,"2019-12-11 11:26:40","2019-12-11 11:26:40"
204,25,6137,NULL,6999,NULL,assignment,NULL,NULL,NULL,0,"2019-12-11 11:26:40","2019-12-11 11:26:40"
205,25,6137,NULL,7000,NULL,assignment,NULL,NULL,NULL,0,"2019-12-11 11:26:40","2019-12-11 11:26:40"
206,25,6137,NULL,7003,NULL,assignment,NULL,NULL,NULL,0,"2019-12-11 11:26:40","2019-12-11 11:26:40"
207,25,6137,NULL,7004,NULL,assignment,NULL,NULL,NULL,0,"2019-12-11 11:26:40","2019-12-11 11:26:40"
208,25,6137,NULL,7005,NULL,assignment,NULL,NULL,NULL,0,"2019-12-11 11:26:40","2019-12-11 11:26:40"
209,25,6137,NULL,7006,NULL,assignment,NULL,NULL,NULL,0,"2019-12-11 11:26:40","2019-12-11 11:26:40"
210,25,6137,NULL,7007,NULL,assignment,NULL,NULL,NULL,0,"2019-12-11 11:26:40","2019-12-11 11:26:40"
211,25,6137,NULL,7008,NULL,assignment,NULL,NULL,NULL,0,"2019-12-11 11:26:40","2019-12-11 11:26:40"
212,25,6137,NULL,7009,NULL,assignment,NULL,NULL,NULL,0,"2019-12-11 11:26:40","2019-12-11 11:26:40"
213,25,6137,NULL,7012,NULL,assignment,NULL,NULL,NULL,0,"2019-12-11 11:26:40","2019-12-11 11:26:40"
214,25,6137,NULL,7013,NULL,assignment,NULL,NULL,NULL,0,"2019-12-11 11:26:40","2019-12-11 11:26:40"
215,25,6137,NULL,7014,NULL,assignment,NULL,NULL,NULL,0,"2019-12-11 11:26:40","2019-12-11 11:26:40"
216,25,6137,NULL,7015,NULL,assignment,NULL,NULL,NULL,0,"2019-12-11 11:26:40","2019-12-11 11:26:40"
217,25,6137,NULL,7016,NULL,assignment,NULL,NULL,NULL,0,"2019-12-11 11:26:40","2019-12-11 11:26:40"
218,25,6137,NULL,7020,NULL,assignment,NULL,NULL,NULL,0,"2019-12-11 11:26:40","2019-12-11 11:26:40"
219,25,6137,NULL,7021,NULL,assignment,NULL,NULL,NULL,0,"2019-12-11 11:26:40","2019-12-11 11:26:40"
220,25,6137,NULL,7248,NULL,assignment,NULL,NULL,NULL,0,"2019-12-11 11:26:40","2019-12-11 11:26:40"
221,25,6137,NULL,7249,NULL,assignment,NULL,NULL,NULL,0,"2019-12-11 11:26:40","2019-12-11 11:26:40"
222,25,6137,NULL,7250,NULL,assignment,NULL,NULL,NULL,0,"2019-12-11 11:26:40","2019-12-11 11:26:40"
223,25,6137,NULL,7252,NULL,assignment,NULL,NULL,NULL,0,"2019-12-11 11:26:40","2019-12-11 11:26:40"
224,25,6137,NULL,7253,NULL,assignment,NULL,NULL,NULL,0,"2019-12-11 11:26:40","2019-12-11 11:26:40"
225,25,6137,NULL,7254,NULL,assignment,NULL,NULL,NULL,0,"2019-12-11 11:26:40","2019-12-11 11:26:40"
226,25,6137,NULL,7255,NULL,assignment,NULL,NULL,NULL,0,"2019-12-11 11:26:40","2019-12-11 11:26:40"
227,25,6137,NULL,7256,NULL,assignment,NULL,NULL,NULL,0,"2019-12-11 11:26:40","2019-12-11 11:26:40"
228,25,6137,NULL,7258,NULL,assignment,NULL,NULL,NULL,0,"2019-12-11 11:26:40","2019-12-11 11:26:40"
229,25,6137,NULL,7259,NULL,assignment,NULL,NULL,NULL,0,"2019-12-11 11:26:40","2019-12-11 11:26:40"
230,25,6137,NULL,7260,NULL,assignment,NULL,NULL,NULL,0,"2019-12-11 11:26:40","2019-12-11 11:26:40"
231,25,6137,NULL,7261,NULL,assignment,NULL,NULL,NULL,0,"2019-12-11 11:26:40","2019-12-11 11:26:40"
232,25,6137,NULL,7262,NULL,assignment,NULL,NULL,NULL,0,"2019-12-11 11:26:40","2019-12-11 11:26:40"
233,25,6137,NULL,7380,NULL,assignment,NULL,NULL,NULL,0,"2019-12-11 11:26:41","2019-12-11 11:26:41"
234,25,6137,NULL,7381,NULL,assignment,NULL,NULL,NULL,0,"2019-12-11 11:26:41","2019-12-11 11:26:41"
235,25,6137,NULL,7382,NULL,assignment,NULL,NULL,NULL,0,"2019-12-11 11:26:41","2019-12-11 11:26:41"
236,25,6137,NULL,7510,NULL,assignment,NULL,NULL,NULL,0,"2019-12-11 11:26:41","2019-12-11 11:26:41"
237,25,6137,NULL,7511,NULL,assignment,NULL,NULL,NULL,0,"2019-12-11 11:26:41","2019-12-11 11:26:41"
238,25,6137,NULL,7512,NULL,assignment,NULL,NULL,NULL,0,"2019-12-11 11:26:41","2019-12-11 11:26:41"
239,25,6137,NULL,7513,NULL,assignment,NULL,NULL,NULL,0,"2019-12-11 11:26:41","2019-12-11 11:26:41"
240,25,6137,NULL,7514,NULL,assignment,NULL,NULL,NULL,0,"2019-12-11 11:26:41","2019-12-11 11:26:41"
241,25,6137,NULL,7515,NULL,assignment,NULL,NULL,NULL,0,"2019-12-11 11:26:41","2019-12-11 11:26:41"
242,25,6137,NULL,7516,NULL,assignment,NULL,NULL,NULL,0,"2019-12-11 11:26:41","2019-12-11 11:26:41"
243,25,6137,NULL,7548,NULL,assignment,NULL,NULL,NULL,0,"2019-12-11 11:26:41","2019-12-11 11:26:41"
244,72,6137,NULL,6427,NULL,assignment,NULL,NULL,NULL,0,"2020-01-10 06:37:39","2020-01-10 06:37:39"
245,72,6137,NULL,6401,NULL,assignment,NULL,NULL,NULL,0,"2020-01-10 06:37:39","2020-01-10 06:37:39"
246,72,6137,NULL,6403,NULL,assignment,NULL,NULL,NULL,0,"2020-01-10 06:37:39","2020-01-10 06:37:39"
247,72,6137,NULL,6406,NULL,assignment,NULL,NULL,NULL,0,"2020-01-10 06:37:39","2020-01-10 06:37:39"
248,72,6137,NULL,6407,NULL,assignment,NULL,NULL,NULL,0,"2020-01-10 06:37:39","2020-01-10 06:37:39"
249,72,6137,NULL,6408,NULL,assignment,NULL,NULL,NULL,0,"2020-01-10 06:37:39","2020-01-10 06:37:39"
250,72,6137,NULL,6409,NULL,assignment,NULL,NULL,NULL,0,"2020-01-10 06:37:39","2020-01-10 06:37:39"
251,72,6137,NULL,6413,NULL,assignment,NULL,NULL,NULL,0,"2020-01-10 06:37:39","2020-01-10 06:37:39"
252,72,6137,NULL,6415,NULL,assignment,NULL,NULL,NULL,0,"2020-01-10 06:37:39","2020-01-10 06:37:39"
253,72,6137,NULL,6416,NULL,assignment,NULL,NULL,NULL,0,"2020-01-10 06:37:39","2020-01-10 06:37:39"
254,72,6137,NULL,6418,NULL,assignment,NULL,NULL,NULL,0,"2020-01-10 06:37:39","2020-01-10 06:37:39"
255,72,6137,NULL,6422,NULL,assignment,NULL,NULL,NULL,0,"2020-01-10 06:37:39","2020-01-10 06:37:39"
256,72,6137,NULL,6423,NULL,assignment,NULL,NULL,NULL,0,"2020-01-10 06:37:39","2020-01-10 06:37:39"
257,72,6137,NULL,6424,NULL,assignment,NULL,NULL,NULL,0,"2020-01-10 06:37:39","2020-01-10 06:37:39"
258,72,6137,NULL,6425,NULL,assignment,NULL,NULL,NULL,0,"2020-01-10 06:37:39","2020-01-10 06:37:39"
259,72,6137,NULL,6543,NULL,assignment,NULL,NULL,NULL,0,"2020-01-10 06:37:39","2020-01-10 06:37:39"
260,72,6137,NULL,6544,NULL,assignment,NULL,NULL,NULL,0,"2020-01-10 06:37:39","2020-01-10 06:37:39"
261,72,6137,NULL,6561,NULL,assignment,NULL,NULL,NULL,0,"2020-01-10 06:37:39","2020-01-10 06:37:39"
262,72,6137,NULL,6564,NULL,assignment,NULL,NULL,NULL,0,"2020-01-10 06:37:39","2020-01-10 06:37:39"
263,72,6137,NULL,6567,NULL,assignment,NULL,NULL,NULL,0,"2020-01-10 06:37:39","2020-01-10 06:37:39"
264,72,6137,NULL,6684,NULL,assignment,NULL,NULL,NULL,0,"2020-01-10 06:37:39","2020-01-10 06:37:39"
265,72,6137,NULL,6686,NULL,assignment,NULL,NULL,NULL,0,"2020-01-10 06:37:39","2020-01-10 06:37:39"
266,72,6137,NULL,6689,NULL,assignment,NULL,NULL,NULL,0,"2020-01-10 06:37:39","2020-01-10 06:37:39"
267,72,6137,NULL,6690,NULL,assignment,NULL,NULL,NULL,0,"2020-01-10 06:37:39","2020-01-10 06:37:39"
268,72,6137,NULL,6691,NULL,assignment,NULL,NULL,NULL,0,"2020-01-10 06:37:39","2020-01-10 06:37:39"
269,72,6137,NULL,6702,NULL,assignment,NULL,NULL,NULL,0,"2020-01-10 06:37:39","2020-01-10 06:37:39"
270,72,6137,NULL,6703,NULL,assignment,NULL,NULL,NULL,0,"2020-01-10 06:37:39","2020-01-10 06:37:39"
271,72,6137,NULL,6704,NULL,assignment,NULL,NULL,NULL,0,"2020-01-10 06:37:39","2020-01-10 06:37:39"
272,72,6137,NULL,6705,NULL,assignment,NULL,NULL,NULL,0,"2020-01-10 06:37:40","2020-01-10 06:37:40"
273,72,6137,NULL,6706,NULL,assignment,NULL,NULL,NULL,0,"2020-01-10 06:37:40","2020-01-10 06:37:40"
274,72,6137,NULL,6707,NULL,assignment,NULL,NULL,NULL,0,"2020-01-10 06:37:40","2020-01-10 06:37:40"
275,72,6137,NULL,6709,NULL,assignment,NULL,NULL,NULL,0,"2020-01-10 06:37:40","2020-01-10 06:37:40"
276,72,6137,NULL,6710,NULL,assignment,NULL,NULL,NULL,0,"2020-01-10 06:37:40","2020-01-10 06:37:40"
277,72,6137,NULL,6711,NULL,assignment,NULL,NULL,NULL,0,"2020-01-10 06:37:40","2020-01-10 06:37:40"
278,72,6137,NULL,6712,NULL,assignment,NULL,NULL,NULL,0,"2020-01-10 06:37:40","2020-01-10 06:37:40"
279,72,6137,NULL,6713,NULL,assignment,NULL,NULL,NULL,0,"2020-01-10 06:37:40","2020-01-10 06:37:40"
280,72,6137,NULL,6714,NULL,assignment,NULL,NULL,NULL,0,"2020-01-10 06:37:40","2020-01-10 06:37:40"
281,72,6137,NULL,6715,NULL,assignment,NULL,NULL,NULL,0,"2020-01-10 06:37:40","2020-01-10 06:37:40"
282,72,6137,NULL,6828,NULL,assignment,NULL,NULL,NULL,0,"2020-01-10 06:37:40","2020-01-10 06:37:40"
283,72,6137,NULL,6829,NULL,assignment,NULL,NULL,NULL,0,"2020-01-10 06:37:40","2020-01-10 06:37:40"
284,72,6137,NULL,6830,NULL,assignment,NULL,NULL,NULL,0,"2020-01-10 06:37:40","2020-01-10 06:37:40"
285,72,6137,NULL,6831,NULL,assignment,NULL,NULL,NULL,0,"2020-01-10 06:37:40","2020-01-10 06:37:40"
286,72,6137,NULL,6832,NULL,assignment,NULL,NULL,NULL,0,"2020-01-10 06:37:40","2020-01-10 06:37:40"
287,72,6137,NULL,6835,NULL,assignment,NULL,NULL,NULL,0,"2020-01-10 06:37:40","2020-01-10 06:37:40"
288,72,6137,NULL,6836,NULL,assignment,NULL,NULL,NULL,0,"2020-01-10 06:37:40","2020-01-10 06:37:40"
289,72,6137,NULL,6837,NULL,assignment,NULL,NULL,NULL,0,"2020-01-10 06:37:40","2020-01-10 06:37:40"
290,72,6137,NULL,6838,NULL,assignment,NULL,NULL,NULL,0,"2020-01-10 06:37:40","2020-01-10 06:37:40"
291,72,6137,NULL,6839,NULL,assignment,NULL,NULL,NULL,0,"2020-01-10 06:37:40","2020-01-10 06:37:40"
292,72,6137,NULL,6840,NULL,assignment,NULL,NULL,NULL,0,"2020-01-10 06:37:40","2020-01-10 06:37:40"
293,72,6137,NULL,6841,NULL,assignment,NULL,NULL,NULL,0,"2020-01-10 06:37:40","2020-01-10 06:37:40"
294,72,6137,NULL,6842,NULL,assignment,NULL,NULL,NULL,0,"2020-01-10 06:37:40","2020-01-10 06:37:40"
295,72,6137,NULL,6844,NULL,assignment,NULL,NULL,NULL,0,"2020-01-10 06:37:40","2020-01-10 06:37:40"
296,72,6137,NULL,6845,NULL,assignment,NULL,NULL,NULL,0,"2020-01-10 06:37:40","2020-01-10 06:37:40"
297,72,6137,NULL,6846,NULL,assignment,NULL,NULL,NULL,0,"2020-01-10 06:37:40","2020-01-10 06:37:40"
298,72,6137,NULL,6848,NULL,assignment,NULL,NULL,NULL,0,"2020-01-10 06:37:40","2020-01-10 06:37:40"
299,72,6137,NULL,6851,NULL,assignment,NULL,NULL,NULL,0,"2020-01-10 06:37:40","2020-01-10 06:37:40"
300,72,6137,NULL,6850,NULL,assignment,NULL,NULL,NULL,0,"2020-01-10 06:37:40","2020-01-10 06:37:40"
301,72,6137,NULL,6852,NULL,assignment,NULL,NULL,NULL,0,"2020-01-10 06:37:40","2020-01-10 06:37:40"
302,72,6137,NULL,6853,NULL,assignment,NULL,NULL,NULL,0,"2020-01-10 06:37:40","2020-01-10 06:37:40"
303,72,6137,NULL,6854,NULL,assignment,NULL,NULL,NULL,0,"2020-01-10 06:37:40","2020-01-10 06:37:40"
304,72,6137,NULL,6855,NULL,assignment,NULL,NULL,NULL,0,"2020-01-10 06:37:40","2020-01-10 06:37:40"
305,72,6137,NULL,6856,NULL,assignment,NULL,NULL,NULL,0,"2020-01-10 06:37:40","2020-01-10 06:37:40"
306,72,6137,NULL,6876,NULL,assignment,NULL,NULL,NULL,0,"2020-01-10 06:37:40","2020-01-10 06:37:40"
307,72,6137,NULL,6877,NULL,assignment,NULL,NULL,NULL,0,"2020-01-10 06:37:40","2020-01-10 06:37:40"
308,72,6137,NULL,6878,NULL,assignment,NULL,NULL,NULL,0,"2020-01-10 06:37:40","2020-01-10 06:37:40"
309,72,6137,NULL,6879,NULL,assignment,NULL,NULL,NULL,0,"2020-01-10 06:37:40","2020-01-10 06:37:40"
310,72,6137,NULL,6880,NULL,assignment,NULL,NULL,NULL,0,"2020-01-10 06:37:40","2020-01-10 06:37:40"
311,72,6137,NULL,6881,NULL,assignment,NULL,NULL,NULL,0,"2020-01-10 06:37:40","2020-01-10 06:37:40"
312,72,6137,NULL,6882,NULL,assignment,NULL,NULL,NULL,0,"2020-01-10 06:37:40","2020-01-10 06:37:40"
313,72,6137,NULL,6883,NULL,assignment,NULL,NULL,NULL,0,"2020-01-10 06:37:40","2020-01-10 06:37:40"
314,72,6137,NULL,6890,NULL,assignment,NULL,NULL,NULL,0,"2020-01-10 06:37:40","2020-01-10 06:37:40"
315,72,6137,NULL,6891,NULL,assignment,NULL,NULL,NULL,0,"2020-01-10 06:37:40","2020-01-10 06:37:40"
316,72,6137,NULL,6892,NULL,assignment,NULL,NULL,NULL,0,"2020-01-10 06:37:40","2020-01-10 06:37:40"
317,72,6137,NULL,6893,NULL,assignment,NULL,NULL,NULL,0,"2020-01-10 06:37:40","2020-01-10 06:37:40"
318,72,6137,NULL,6894,NULL,assignment,NULL,NULL,NULL,0,"2020-01-10 06:37:40","2020-01-10 06:37:40"
319,72,6137,NULL,6985,NULL,assignment,NULL,NULL,NULL,0,"2020-01-10 06:37:40","2020-01-10 06:37:40"
320,72,6137,NULL,6987,NULL,assignment,NULL,NULL,NULL,0,"2020-01-10 06:37:40","2020-01-10 06:37:40"
321,72,6137,NULL,6988,NULL,assignment,NULL,NULL,NULL,0,"2020-01-10 06:37:40","2020-01-10 06:37:40"
322,72,6137,NULL,6989,NULL,assignment,NULL,NULL,NULL,0,"2020-01-10 06:37:40","2020-01-10 06:37:40"
323,72,6137,NULL,6990,NULL,assignment,NULL,NULL,NULL,0,"2020-01-10 06:37:40","2020-01-10 06:37:40"
324,72,6137,NULL,6992,NULL,assignment,NULL,NULL,NULL,0,"2020-01-10 06:37:40","2020-01-10 06:37:40"
325,72,6137,NULL,6993,NULL,assignment,NULL,NULL,NULL,0,"2020-01-10 06:37:40","2020-01-10 06:37:40"
326,72,6137,NULL,6994,NULL,assignment,NULL,NULL,NULL,0,"2020-01-10 06:37:40","2020-01-10 06:37:40"
327,72,6137,NULL,6995,NULL,assignment,NULL,NULL,NULL,0,"2020-01-10 06:37:40","2020-01-10 06:37:40"
328,72,6137,NULL,6996,NULL,assignment,NULL,NULL,NULL,0,"2020-01-10 06:37:40","2020-01-10 06:37:40"
329,72,6137,NULL,6998,NULL,assignment,NULL,NULL,NULL,0,"2020-01-10 06:37:40","2020-01-10 06:37:40"
330,72,6137,NULL,6999,NULL,assignment,NULL,NULL,NULL,0,"2020-01-10 06:37:40","2020-01-10 06:37:40"
331,72,6137,NULL,7000,NULL,assignment,NULL,NULL,NULL,0,"2020-01-10 06:37:40","2020-01-10 06:37:40"
332,72,6137,NULL,7003,NULL,assignment,NULL,NULL,NULL,0,"2020-01-10 06:37:40","2020-01-10 06:37:40"
333,72,6137,NULL,7004,NULL,assignment,NULL,NULL,NULL,0,"2020-01-10 06:37:40","2020-01-10 06:37:40"
334,72,6137,NULL,7005,NULL,assignment,NULL,NULL,NULL,0,"2020-01-10 06:37:40","2020-01-10 06:37:40"
335,72,6137,NULL,7006,NULL,assignment,NULL,NULL,NULL,0,"2020-01-10 06:37:40","2020-01-10 06:37:40"
336,72,6137,NULL,7007,NULL,assignment,NULL,NULL,NULL,0,"2020-01-10 06:37:40","2020-01-10 06:37:40"
337,72,6137,NULL,7008,NULL,assignment,NULL,NULL,NULL,0,"2020-01-10 06:37:40","2020-01-10 06:37:40"
338,72,6137,NULL,7009,NULL,assignment,NULL,NULL,NULL,0,"2020-01-10 06:37:40","2020-01-10 06:37:40"
339,72,6137,NULL,7012,NULL,assignment,NULL,NULL,NULL,0,"2020-01-10 06:37:40","2020-01-10 06:37:40"
340,72,6137,NULL,7013,NULL,assignment,NULL,NULL,NULL,0,"2020-01-10 06:37:40","2020-01-10 06:37:40"
341,72,6137,NULL,7014,NULL,assignment,NULL,NULL,NULL,0,"2020-01-10 06:37:40","2020-01-10 06:37:40"
342,72,6137,NULL,7015,NULL,assignment,NULL,NULL,NULL,0,"2020-01-10 06:37:40","2020-01-10 06:37:40"
343,72,6137,NULL,7016,NULL,assignment,NULL,NULL,NULL,0,"2020-01-10 06:37:40","2020-01-10 06:37:40"
344,72,6137,NULL,7020,NULL,assignment,NULL,NULL,NULL,0,"2020-01-10 06:37:40","2020-01-10 06:37:40"
345,72,6137,NULL,7021,NULL,assignment,NULL,NULL,NULL,0,"2020-01-10 06:37:40","2020-01-10 06:37:40"
346,72,6137,NULL,7248,NULL,assignment,NULL,NULL,NULL,0,"2020-01-10 06:37:40","2020-01-10 06:37:40"
347,72,6137,NULL,7249,NULL,assignment,NULL,NULL,NULL,0,"2020-01-10 06:37:40","2020-01-10 06:37:40"
348,72,6137,NULL,7250,NULL,assignment,NULL,NULL,NULL,0,"2020-01-10 06:37:40","2020-01-10 06:37:40"
349,72,6137,NULL,7252,NULL,assignment,NULL,NULL,NULL,0,"2020-01-10 06:37:40","2020-01-10 06:37:40"
350,72,6137,NULL,7253,NULL,assignment,NULL,NULL,NULL,0,"2020-01-10 06:37:40","2020-01-10 06:37:40"
351,72,6137,NULL,7254,NULL,assignment,NULL,NULL,NULL,0,"2020-01-10 06:37:40","2020-01-10 06:37:40"
352,72,6137,NULL,7255,NULL,assignment,NULL,NULL,NULL,0,"2020-01-10 06:37:40","2020-01-10 06:37:40"
353,72,6137,NULL,7256,NULL,assignment,NULL,NULL,NULL,0,"2020-01-10 06:37:40","2020-01-10 06:37:40"
354,72,6137,NULL,7258,NULL,assignment,NULL,NULL,NULL,0,"2020-01-10 06:37:40","2020-01-10 06:37:40"
355,72,6137,NULL,7259,NULL,assignment,NULL,NULL,NULL,0,"2020-01-10 06:37:41","2020-01-10 06:37:41"
356,72,6137,NULL,7260,NULL,assignment,NULL,NULL,NULL,0,"2020-01-10 06:37:41","2020-01-10 06:37:41"
357,72,6137,NULL,7261,NULL,assignment,NULL,NULL,NULL,0,"2020-01-10 06:37:41","2020-01-10 06:37:41"
358,72,6137,NULL,7262,NULL,assignment,NULL,NULL,NULL,0,"2020-01-10 06:37:41","2020-01-10 06:37:41"
359,72,6137,NULL,7380,NULL,assignment,NULL,NULL,NULL,0,"2020-01-10 06:37:41","2020-01-10 06:37:41"
360,72,6137,NULL,7381,NULL,assignment,NULL,NULL,NULL,0,"2020-01-10 06:37:41","2020-01-10 06:37:41"
361,72,6137,NULL,7382,NULL,assignment,NULL,NULL,NULL,0,"2020-01-10 06:37:41","2020-01-10 06:37:41"
362,72,6137,NULL,7510,NULL,assignment,NULL,NULL,NULL,0,"2020-01-10 06:37:41","2020-01-10 06:37:41"
363,72,6137,NULL,7511,NULL,assignment,NULL,NULL,NULL,0,"2020-01-10 06:37:41","2020-01-10 06:37:41"
364,72,6137,NULL,7512,NULL,assignment,NULL,NULL,NULL,0,"2020-01-10 06:37:41","2020-01-10 06:37:41"
365,72,6137,NULL,7513,NULL,assignment,NULL,NULL,NULL,0,"2020-01-10 06:37:41","2020-01-10 06:37:41"
366,72,6137,NULL,7514,NULL,assignment,NULL,NULL,NULL,0,"2020-01-10 06:37:41","2020-01-10 06:37:41"
367,72,6137,NULL,7515,NULL,assignment,NULL,NULL,NULL,0,"2020-01-10 06:37:41","2020-01-10 06:37:41"
368,72,6137,NULL,7516,NULL,assignment,NULL,NULL,NULL,0,"2020-01-10 06:37:41","2020-01-10 06:37:41"
369,72,6137,NULL,7548,NULL,assignment,NULL,NULL,NULL,0,"2020-01-10 06:37:41","2020-01-10 06:37:41"
370,72,6137,NULL,NULL,NULL,final,NULL,NULL,0.00,0,"2020-01-10 06:37:41","2020-01-10 06:37:41"
371,50,6137,NULL,6427,NULL,assignment,NULL,NULL,NULL,0,"2020-01-14 14:16:15","2020-01-14 14:16:15"
372,50,6137,NULL,6401,NULL,assignment,NULL,NULL,NULL,0,"2020-01-14 14:16:15","2020-01-14 14:16:15"
373,50,6137,NULL,6403,NULL,assignment,NULL,NULL,NULL,0,"2020-01-14 14:16:15","2020-01-14 14:16:15"
374,50,6137,NULL,6406,NULL,assignment,NULL,NULL,NULL,0,"2020-01-14 14:16:15","2020-01-14 14:16:15"
375,50,6137,NULL,6407,NULL,assignment,NULL,NULL,NULL,0,"2020-01-14 14:16:15","2020-01-14 14:16:15"
376,50,6137,NULL,6408,NULL,assignment,NULL,NULL,NULL,0,"2020-01-14 14:16:15","2020-01-14 14:16:15"
377,50,6137,NULL,6409,NULL,assignment,NULL,NULL,NULL,0,"2020-01-14 14:16:15","2020-01-14 14:16:15"
378,50,6137,NULL,6413,NULL,assignment,NULL,NULL,NULL,0,"2020-01-14 14:16:15","2020-01-14 14:16:15"
379,50,6137,NULL,6415,NULL,assignment,NULL,NULL,NULL,0,"2020-01-14 14:16:15","2020-01-14 14:16:15"
380,50,6137,NULL,6416,NULL,assignment,NULL,NULL,NULL,0,"2020-01-14 14:16:15","2020-01-14 14:16:15"
381,50,6137,NULL,6418,NULL,assignment,NULL,NULL,NULL,0,"2020-01-14 14:16:15","2020-01-14 14:16:15"
382,50,6137,NULL,6422,NULL,assignment,NULL,NULL,NULL,0,"2020-01-14 14:16:15","2020-01-14 14:16:15"
383,50,6137,NULL,6423,NULL,assignment,NULL,NULL,NULL,0,"2020-01-14 14:16:15","2020-01-14 14:16:15"
384,50,6137,NULL,6424,NULL,assignment,NULL,NULL,NULL,0,"2020-01-14 14:16:15","2020-01-14 14:16:15"
385,50,6137,NULL,6425,NULL,assignment,NULL,NULL,NULL,0,"2020-01-14 14:16:15","2020-01-14 14:16:15"
386,50,6137,NULL,6543,NULL,assignment,NULL,NULL,NULL,0,"2020-01-14 14:16:15","2020-01-14 14:16:15"
387,50,6137,NULL,6544,NULL,assignment,NULL,NULL,NULL,0,"2020-01-14 14:16:15","2020-01-14 14:16:15"
388,50,6137,NULL,6561,NULL,assignment,NULL,NULL,NULL,0,"2020-01-14 14:16:15","2020-01-14 14:16:15"
389,50,6137,NULL,6564,NULL,assignment,NULL,NULL,NULL,0,"2020-01-14 14:16:15","2020-01-14 14:16:15"
390,50,6137,NULL,6567,NULL,assignment,NULL,NULL,NULL,0,"2020-01-14 14:16:15","2020-01-14 14:16:15"
391,50,6137,NULL,6684,NULL,assignment,NULL,NULL,NULL,0,"2020-01-14 14:16:15","2020-01-14 14:16:15"
392,50,6137,NULL,6686,NULL,assignment,NULL,NULL,NULL,0,"2020-01-14 14:16:15","2020-01-14 14:16:15"
393,50,6137,NULL,6689,NULL,assignment,NULL,NULL,NULL,0,"2020-01-14 14:16:15","2020-01-14 14:16:15"
394,50,6137,NULL,6690,NULL,assignment,NULL,NULL,NULL,0,"2020-01-14 14:16:15","2020-01-14 14:16:15"
395,50,6137,NULL,6691,NULL,assignment,NULL,NULL,NULL,0,"2020-01-14 14:16:15","2020-01-14 14:16:15"
396,50,6137,NULL,6702,NULL,assignment,NULL,NULL,NULL,0,"2020-01-14 14:16:15","2020-01-14 14:16:15"
397,50,6137,NULL,6703,NULL,assignment,NULL,NULL,NULL,0,"2020-01-14 14:16:15","2020-01-14 14:16:15"
398,50,6137,NULL,6704,NULL,assignment,NULL,NULL,NULL,0,"2020-01-14 14:16:15","2020-01-14 14:16:15"
399,50,6137,NULL,6705,NULL,assignment,NULL,NULL,NULL,0,"2020-01-14 14:16:15","2020-01-14 14:16:15"
400,50,6137,NULL,6706,NULL,assignment,NULL,NULL,NULL,0,"2020-01-14 14:16:15","2020-01-14 14:16:15"
401,50,6137,NULL,6707,NULL,assignment,NULL,NULL,NULL,0,"2020-01-14 14:16:15","2020-01-14 14:16:15"
402,50,6137,NULL,6709,NULL,assignment,NULL,NULL,NULL,0,"2020-01-14 14:16:15","2020-01-14 14:16:15"
403,50,6137,NULL,6710,NULL,assignment,NULL,NULL,NULL,0,"2020-01-14 14:16:15","2020-01-14 14:16:15"
404,50,6137,NULL,6711,NULL,assignment,NULL,NULL,NULL,0,"2020-01-14 14:16:15","2020-01-14 14:16:15"
405,50,6137,NULL,6712,NULL,assignment,NULL,NULL,NULL,0,"2020-01-14 14:16:15","2020-01-14 14:16:15"
406,50,6137,NULL,6713,NULL,assignment,NULL,NULL,NULL,0,"2020-01-14 14:16:15","2020-01-14 14:16:15"
407,50,6137,NULL,6714,NULL,assignment,NULL,NULL,NULL,0,"2020-01-14 14:16:15","2020-01-14 14:16:15"
408,50,6137,NULL,6715,NULL,assignment,NULL,NULL,NULL,0,"2020-01-14 14:16:15","2020-01-14 14:16:15"
409,50,6137,NULL,6828,NULL,assignment,NULL,NULL,NULL,0,"2020-01-14 14:16:15","2020-01-14 14:16:15"
410,50,6137,NULL,6829,NULL,assignment,NULL,NULL,NULL,0,"2020-01-14 14:16:15","2020-01-14 14:16:15"
411,50,6137,NULL,6830,NULL,assignment,NULL,NULL,NULL,0,"2020-01-14 14:16:15","2020-01-14 14:16:15"
412,50,6137,NULL,6831,NULL,assignment,NULL,NULL,NULL,0,"2020-01-14 14:16:15","2020-01-14 14:16:15"
413,50,6137,NULL,6832,NULL,assignment,NULL,NULL,NULL,0,"2020-01-14 14:16:15","2020-01-14 14:16:15"
414,50,6137,NULL,6835,NULL,assignment,NULL,NULL,NULL,0,"2020-01-14 14:16:15","2020-01-14 14:16:15"
415,50,6137,NULL,6836,NULL,assignment,NULL,NULL,NULL,0,"2020-01-14 14:16:15","2020-01-14 14:16:15"
416,50,6137,NULL,6837,NULL,assignment,NULL,NULL,NULL,0,"2020-01-14 14:16:15","2020-01-14 14:16:15"
417,50,6137,NULL,6838,NULL,assignment,NULL,NULL,NULL,0,"2020-01-14 14:16:15","2020-01-14 14:16:15"
418,50,6137,NULL,6839,NULL,assignment,NULL,NULL,NULL,0,"2020-01-14 14:16:15","2020-01-14 14:16:15"
419,50,6137,NULL,6840,NULL,assignment,NULL,NULL,NULL,0,"2020-01-14 14:16:15","2020-01-14 14:16:15"
420,50,6137,NULL,6841,NULL,assignment,NULL,NULL,NULL,0,"2020-01-14 14:16:15","2020-01-14 14:16:15"
421,50,6137,NULL,6842,NULL,assignment,NULL,NULL,NULL,0,"2020-01-14 14:16:15","2020-01-14 14:16:15"
422,50,6137,NULL,6844,NULL,assignment,NULL,NULL,NULL,0,"2020-01-14 14:16:15","2020-01-14 14:16:15"
423,50,6137,NULL,6845,NULL,assignment,NULL,NULL,NULL,0,"2020-01-14 14:16:15","2020-01-14 14:16:15"
424,50,6137,NULL,6846,NULL,assignment,NULL,NULL,NULL,0,"2020-01-14 14:16:15","2020-01-14 14:16:15"
425,50,6137,NULL,6848,NULL,assignment,NULL,NULL,NULL,0,"2020-01-14 14:16:15","2020-01-14 14:16:15"
426,50,6137,NULL,6851,NULL,assignment,NULL,NULL,NULL,0,"2020-01-14 14:16:15","2020-01-14 14:16:15"
427,50,6137,NULL,6850,NULL,assignment,NULL,NULL,NULL,0,"2020-01-14 14:16:15","2020-01-14 14:16:15"
428,50,6137,NULL,6852,NULL,assignment,NULL,NULL,NULL,0,"2020-01-14 14:16:15","2020-01-14 14:16:15"
429,50,6137,NULL,6853,NULL,assignment,NULL,NULL,NULL,0,"2020-01-14 14:16:15","2020-01-14 14:16:15"
430,50,6137,NULL,6854,NULL,assignment,NULL,NULL,NULL,0,"2020-01-14 14:16:15","2020-01-14 14:16:15"
431,50,6137,NULL,6855,NULL,assignment,NULL,NULL,NULL,0,"2020-01-14 14:16:15","2020-01-14 14:16:15"
432,50,6137,NULL,6856,NULL,assignment,NULL,NULL,NULL,0,"2020-01-14 14:16:15","2020-01-14 14:16:15"
433,50,6137,NULL,6876,NULL,assignment,NULL,NULL,NULL,0,"2020-01-14 14:16:15","2020-01-14 14:16:15"
434,50,6137,NULL,6877,NULL,assignment,NULL,NULL,NULL,0,"2020-01-14 14:16:15","2020-01-14 14:16:15"
435,50,6137,NULL,6878,NULL,assignment,NULL,NULL,NULL,0,"2020-01-14 14:16:15","2020-01-14 14:16:15"
436,50,6137,NULL,6879,NULL,assignment,NULL,NULL,NULL,0,"2020-01-14 14:16:15","2020-01-14 14:16:15"
437,50,6137,NULL,6880,NULL,assignment,NULL,NULL,NULL,0,"2020-01-14 14:16:15","2020-01-14 14:16:15"
438,50,6137,NULL,6881,NULL,assignment,NULL,NULL,NULL,0,"2020-01-14 14:16:15","2020-01-14 14:16:15"
439,50,6137,NULL,6882,NULL,assignment,NULL,NULL,NULL,0,"2020-01-14 14:16:15","2020-01-14 14:16:15"
440,50,6137,NULL,6883,NULL,assignment,NULL,NULL,NULL,0,"2020-01-14 14:16:15","2020-01-14 14:16:15"
441,50,6137,NULL,6890,NULL,assignment,NULL,NULL,NULL,0,"2020-01-14 14:16:15","2020-01-14 14:16:15"
442,50,6137,NULL,6891,NULL,assignment,NULL,NULL,NULL,0,"2020-01-14 14:16:15","2020-01-14 14:16:15"
443,50,6137,NULL,6892,NULL,assignment,NULL,NULL,NULL,0,"2020-01-14 14:16:16","2020-01-14 14:16:16"
444,50,6137,NULL,6893,NULL,assignment,NULL,NULL,NULL,0,"2020-01-14 14:16:16","2020-01-14 14:16:16"
445,50,6137,NULL,6894,NULL,assignment,NULL,NULL,NULL,0,"2020-01-14 14:16:16","2020-01-14 14:16:16"
446,50,6137,NULL,6985,NULL,assignment,NULL,NULL,NULL,0,"2020-01-14 14:16:16","2020-01-14 14:16:16"
447,50,6137,NULL,6987,NULL,assignment,NULL,NULL,NULL,0,"2020-01-14 14:16:16","2020-01-14 14:16:16"
448,50,6137,NULL,6988,NULL,assignment,NULL,NULL,NULL,0,"2020-01-14 14:16:16","2020-01-14 14:16:16"
449,50,6137,NULL,6989,NULL,assignment,NULL,NULL,NULL,0,"2020-01-14 14:16:16","2020-01-14 14:16:16"
450,50,6137,NULL,6990,NULL,assignment,NULL,NULL,NULL,0,"2020-01-14 14:16:16","2020-01-14 14:16:16"
451,50,6137,NULL,6992,NULL,assignment,NULL,NULL,NULL,0,"2020-01-14 14:16:16","2020-01-14 14:16:16"
452,50,6137,NULL,6993,NULL,assignment,NULL,NULL,NULL,0,"2020-01-14 14:16:16","2020-01-14 14:16:16"
453,50,6137,NULL,6994,NULL,assignment,NULL,NULL,NULL,0,"2020-01-14 14:16:16","2020-01-14 14:16:16"
454,50,6137,NULL,6995,NULL,assignment,NULL,NULL,NULL,0,"2020-01-14 14:16:16","2020-01-14 14:16:16"
455,50,6137,NULL,6996,NULL,assignment,NULL,NULL,NULL,0,"2020-01-14 14:16:16","2020-01-14 14:16:16"
456,50,6137,NULL,6998,NULL,assignment,NULL,NULL,NULL,0,"2020-01-14 14:16:16","2020-01-14 14:16:16"
457,50,6137,NULL,6999,NULL,assignment,NULL,NULL,NULL,0,"2020-01-14 14:16:16","2020-01-14 14:16:16"
458,50,6137,NULL,7000,NULL,assignment,NULL,NULL,NULL,0,"2020-01-14 14:16:16","2020-01-14 14:16:16"
459,50,6137,NULL,7003,NULL,assignment,NULL,NULL,NULL,0,"2020-01-14 14:16:16","2020-01-14 14:16:16"
460,50,6137,NULL,7004,NULL,assignment,NULL,NULL,NULL,0,"2020-01-14 14:16:16","2020-01-14 14:16:16"
461,50,6137,NULL,7005,NULL,assignment,NULL,NULL,NULL,0,"2020-01-14 14:16:16","2020-01-14 14:16:16"
462,50,6137,NULL,7006,NULL,assignment,NULL,NULL,NULL,0,"2020-01-14 14:16:16","2020-01-14 14:16:16"
463,50,6137,NULL,7007,NULL,assignment,NULL,NULL,NULL,0,"2020-01-14 14:16:16","2020-01-14 14:16:16"
464,50,6137,NULL,7008,NULL,assignment,NULL,NULL,NULL,0,"2020-01-14 14:16:16","2020-01-14 14:16:16"
465,50,6137,NULL,7009,NULL,assignment,NULL,NULL,NULL,0,"2020-01-14 14:16:16","2020-01-14 14:16:16"
466,50,6137,NULL,7012,NULL,assignment,NULL,NULL,NULL,0,"2020-01-14 14:16:16","2020-01-14 14:16:16"
467,50,6137,NULL,7013,NULL,assignment,NULL,NULL,NULL,0,"2020-01-14 14:16:16","2020-01-14 14:16:16"
468,50,6137,NULL,7014,NULL,assignment,NULL,NULL,NULL,0,"2020-01-14 14:16:16","2020-01-14 14:16:16"
469,50,6137,NULL,7015,NULL,assignment,NULL,NULL,NULL,0,"2020-01-14 14:16:16","2020-01-14 14:16:16"
470,50,6137,NULL,7016,NULL,assignment,NULL,NULL,NULL,0,"2020-01-14 14:16:16","2020-01-14 14:16:16"
471,50,6137,NULL,7020,NULL,assignment,NULL,NULL,NULL,0,"2020-01-14 14:16:16","2020-01-14 14:16:16"
472,50,6137,NULL,7021,NULL,assignment,NULL,NULL,NULL,0,"2020-01-14 14:16:16","2020-01-14 14:16:16"
473,50,6137,NULL,7248,NULL,assignment,NULL,NULL,NULL,0,"2020-01-14 14:16:16","2020-01-14 14:16:16"
474,50,6137,NULL,7249,NULL,assignment,NULL,NULL,NULL,0,"2020-01-14 14:16:16","2020-01-14 14:16:16"
475,50,6137,NULL,7250,NULL,assignment,NULL,NULL,NULL,0,"2020-01-14 14:16:16","2020-01-14 14:16:16"
476,50,6137,NULL,7252,NULL,assignment,NULL,NULL,NULL,0,"2020-01-14 14:16:16","2020-01-14 14:16:16"
477,50,6137,NULL,7253,NULL,assignment,NULL,NULL,NULL,0,"2020-01-14 14:16:16","2020-01-14 14:16:16"
478,50,6137,NULL,7254,NULL,assignment,NULL,NULL,NULL,0,"2020-01-14 14:16:16","2020-01-14 14:16:16"
479,50,6137,NULL,7255,NULL,assignment,NULL,NULL,NULL,0,"2020-01-14 14:16:16","2020-01-14 14:16:16"
480,50,6137,NULL,7256,NULL,assignment,NULL,NULL,NULL,0,"2020-01-14 14:16:16","2020-01-14 14:16:16"
481,50,6137,NULL,7258,NULL,assignment,NULL,NULL,NULL,0,"2020-01-14 14:16:16","2020-01-14 14:16:16"
482,50,6137,NULL,7259,NULL,assignment,NULL,NULL,NULL,0,"2020-01-14 14:16:16","2020-01-14 14:16:16"
483,50,6137,NULL,7260,NULL,assignment,NULL,NULL,NULL,0,"2020-01-14 14:16:16","2020-01-14 14:16:16"
484,50,6137,NULL,7261,NULL,assignment,NULL,NULL,NULL,0,"2020-01-14 14:16:16","2020-01-14 14:16:16"
485,50,6137,NULL,7262,NULL,assignment,NULL,NULL,NULL,0,"2020-01-14 14:16:16","2020-01-14 14:16:16"
486,50,6137,NULL,7380,NULL,assignment,NULL,NULL,NULL,0,"2020-01-14 14:16:16","2020-01-14 14:16:16"
487,50,6137,NULL,7381,NULL,assignment,NULL,NULL,NULL,0,"2020-01-14 14:16:16","2020-01-14 14:16:16"
488,50,6137,NULL,7382,NULL,assignment,NULL,NULL,NULL,0,"2020-01-14 14:16:16","2020-01-14 14:16:16"
489,50,6137,NULL,7510,NULL,assignment,NULL,NULL,NULL,0,"2020-01-14 14:16:16","2020-01-14 14:16:16"
490,50,6137,NULL,7511,NULL,assignment,NULL,NULL,NULL,0,"2020-01-14 14:16:16","2020-01-14 14:16:16"
491,50,6137,NULL,7512,NULL,assignment,NULL,NULL,NULL,0,"2020-01-14 14:16:16","2020-01-14 14:16:16"
492,50,6137,NULL,7513,NULL,assignment,NULL,NULL,NULL,0,"2020-01-14 14:16:16","2020-01-14 14:16:16"
493,50,6137,NULL,7514,NULL,assignment,NULL,NULL,NULL,0,"2020-01-14 14:16:16","2020-01-14 14:16:16"
494,50,6137,NULL,7515,NULL,assignment,NULL,NULL,NULL,0,"2020-01-14 14:16:16","2020-01-14 14:16:16"
495,50,6137,NULL,7516,NULL,assignment,NULL,NULL,NULL,0,"2020-01-14 14:16:16","2020-01-14 14:16:16"
496,50,6137,NULL,7548,NULL,assignment,NULL,NULL,NULL,0,"2020-01-14 14:16:16","2020-01-14 14:16:16"
497,50,6137,NULL,NULL,NULL,final,NULL,NULL,0.00,0,"2020-01-14 14:16:16","2020-01-14 14:16:16"
498,83,6137,NULL,6427,NULL,assignment,NULL,NULL,NULL,0,"2020-01-21 14:12:31","2020-01-21 14:12:31"
499,83,6137,NULL,6401,NULL,assignment,NULL,NULL,NULL,0,"2020-01-21 14:12:31","2020-01-21 14:12:31"
500,83,6137,NULL,6403,NULL,assignment,NULL,NULL,NULL,0,"2020-01-21 14:12:31","2020-01-21 14:12:31"
501,83,6137,NULL,6406,NULL,assignment,NULL,NULL,NULL,0,"2020-01-21 14:12:31","2020-01-21 14:12:31"
502,83,6137,NULL,6407,NULL,assignment,NULL,NULL,NULL,0,"2020-01-21 14:12:31","2020-01-21 14:12:31"
503,83,6137,NULL,6408,NULL,assignment,NULL,NULL,NULL,0,"2020-01-21 14:12:31","2020-01-21 14:12:31"
504,83,6137,NULL,6409,NULL,assignment,NULL,NULL,NULL,0,"2020-01-21 14:12:31","2020-01-21 14:12:31"
505,83,6137,NULL,6413,NULL,assignment,NULL,NULL,NULL,0,"2020-01-21 14:12:31","2020-01-21 14:12:31"
506,83,6137,NULL,6415,NULL,assignment,NULL,NULL,NULL,0,"2020-01-21 14:12:31","2020-01-21 14:12:31"
507,83,6137,NULL,6416,NULL,assignment,NULL,NULL,NULL,0,"2020-01-21 14:12:31","2020-01-21 14:12:31"
508,83,6137,NULL,6418,NULL,assignment,NULL,NULL,NULL,0,"2020-01-21 14:12:31","2020-01-21 14:12:31"
509,83,6137,NULL,6422,NULL,assignment,NULL,NULL,NULL,0,"2020-01-21 14:12:31","2020-01-21 14:12:31"
510,83,6137,NULL,6423,NULL,assignment,NULL,NULL,NULL,0,"2020-01-21 14:12:31","2020-01-21 14:12:31"
511,83,6137,NULL,6424,NULL,assignment,NULL,NULL,NULL,0,"2020-01-21 14:12:31","2020-01-21 14:12:31"
512,83,6137,NULL,6425,NULL,assignment,NULL,NULL,NULL,0,"2020-01-21 14:12:31","2020-01-21 14:12:31"
513,83,6137,NULL,6543,NULL,assignment,NULL,NULL,NULL,0,"2020-01-21 14:12:31","2020-01-21 14:12:31"
514,83,6137,NULL,6544,NULL,assignment,NULL,NULL,NULL,0,"2020-01-21 14:12:31","2020-01-21 14:12:31"
515,83,6137,NULL,6561,NULL,assignment,NULL,NULL,NULL,0,"2020-01-21 14:12:31","2020-01-21 14:12:31"
516,83,6137,NULL,6564,NULL,assignment,NULL,NULL,NULL,0,"2020-01-21 14:12:32","2020-01-21 14:12:32"
517,83,6137,NULL,6567,NULL,assignment,NULL,NULL,NULL,0,"2020-01-21 14:12:32","2020-01-21 14:12:32"
518,83,6137,NULL,6684,NULL,assignment,NULL,NULL,NULL,0,"2020-01-21 14:12:32","2020-01-21 14:12:32"
519,83,6137,NULL,6686,NULL,assignment,NULL,NULL,NULL,0,"2020-01-21 14:12:32","2020-01-21 14:12:32"
520,83,6137,NULL,6689,NULL,assignment,NULL,NULL,NULL,0,"2020-01-21 14:12:32","2020-01-21 14:12:32"
521,83,6137,NULL,6690,NULL,assignment,NULL,NULL,NULL,0,"2020-01-21 14:12:32","2020-01-21 14:12:32"
522,83,6137,NULL,6691,NULL,assignment,NULL,NULL,NULL,0,"2020-01-21 14:12:32","2020-01-21 14:12:32"
523,83,6137,NULL,6702,NULL,assignment,NULL,NULL,NULL,0,"2020-01-21 14:12:32","2020-01-21 14:12:32"
524,83,6137,NULL,6703,NULL,assignment,NULL,NULL,NULL,0,"2020-01-21 14:12:32","2020-01-21 14:12:32"
525,83,6137,NULL,6704,NULL,assignment,NULL,NULL,NULL,0,"2020-01-21 14:12:32","2020-01-21 14:12:32"
526,83,6137,NULL,6705,NULL,assignment,NULL,NULL,NULL,0,"2020-01-21 14:12:32","2020-01-21 14:12:32"
527,83,6137,NULL,6706,NULL,assignment,NULL,NULL,NULL,0,"2020-01-21 14:12:32","2020-01-21 14:12:32"
528,83,6137,NULL,6707,NULL,assignment,NULL,NULL,NULL,0,"2020-01-21 14:12:32","2020-01-21 14:12:32"
529,83,6137,NULL,6709,NULL,assignment,NULL,NULL,NULL,0,"2020-01-21 14:12:32","2020-01-21 14:12:32"
530,83,6137,NULL,6710,NULL,assignment,NULL,NULL,NULL,0,"2020-01-21 14:12:32","2020-01-21 14:12:32"
531,83,6137,NULL,6711,NULL,assignment,NULL,NULL,NULL,0,"2020-01-21 14:12:32","2020-01-21 14:12:32"
532,83,6137,NULL,6712,NULL,assignment,NULL,NULL,NULL,0,"2020-01-21 14:12:32","2020-01-21 14:12:32"
533,83,6137,NULL,6713,NULL,assignment,NULL,NULL,NULL,0,"2020-01-21 14:12:32","2020-01-21 14:12:32"
534,83,6137,NULL,6714,NULL,assignment,NULL,NULL,NULL,0,"2020-01-21 14:12:32","2020-01-21 14:12:32"
535,83,6137,NULL,6715,NULL,assignment,NULL,NULL,NULL,0,"2020-01-21 14:12:32","2020-01-21 14:12:32"
536,83,6137,NULL,6828,NULL,assignment,NULL,NULL,NULL,0,"2020-01-21 14:12:32","2020-01-21 14:12:32"
537,83,6137,NULL,6829,NULL,assignment,NULL,NULL,NULL,0,"2020-01-21 14:12:32","2020-01-21 14:12:32"
538,83,6137,NULL,6830,NULL,assignment,NULL,NULL,NULL,0,"2020-01-21 14:12:32","2020-01-21 14:12:32"
539,83,6137,NULL,6831,NULL,assignment,NULL,NULL,NULL,0,"2020-01-21 14:12:32","2020-01-21 14:12:32"
540,83,6137,NULL,6832,NULL,assignment,NULL,NULL,NULL,0,"2020-01-21 14:12:32","2020-01-21 14:12:32"
541,83,6137,NULL,6835,NULL,assignment,NULL,NULL,NULL,0,"2020-01-21 14:12:32","2020-01-21 14:12:32"
542,83,6137,NULL,6836,NULL,assignment,NULL,NULL,NULL,0,"2020-01-21 14:12:32","2020-01-21 14:12:32"
543,83,6137,NULL,6837,NULL,assignment,NULL,NULL,NULL,0,"2020-01-21 14:12:32","2020-01-21 14:12:32"
544,83,6137,NULL,6838,NULL,assignment,NULL,NULL,NULL,0,"2020-01-21 14:12:32","2020-01-21 14:12:32"
545,83,6137,NULL,6839,NULL,assignment,NULL,NULL,NULL,0,"2020-01-21 14:12:32","2020-01-21 14:12:32"
546,83,6137,NULL,6840,NULL,assignment,NULL,NULL,NULL,0,"2020-01-21 14:12:32","2020-01-21 14:12:32"
547,83,6137,NULL,6841,NULL,assignment,NULL,NULL,NULL,0,"2020-01-21 14:12:32","2020-01-21 14:12:32"
548,83,6137,NULL,6842,NULL,assignment,NULL,NULL,NULL,0,"2020-01-21 14:12:32","2020-01-21 14:12:32"
549,83,6137,NULL,6844,NULL,assignment,NULL,NULL,NULL,0,"2020-01-21 14:12:32","2020-01-21 14:12:32"
550,83,6137,NULL,6845,NULL,assignment,NULL,NULL,NULL,0,"2020-01-21 14:12:32","2020-01-21 14:12:32"
551,83,6137,NULL,6846,NULL,assignment,NULL,NULL,NULL,0,"2020-01-21 14:12:32","2020-01-21 14:12:32"
552,83,6137,NULL,6848,NULL,assignment,NULL,NULL,NULL,0,"2020-01-21 14:12:32","2020-01-21 14:12:32"
553,83,6137,NULL,6851,NULL,assignment,NULL,NULL,NULL,0,"2020-01-21 14:12:32","2020-01-21 14:12:32"
554,83,6137,NULL,6850,NULL,assignment,NULL,NULL,NULL,0,"2020-01-21 14:12:32","2020-01-21 14:12:32"
555,83,6137,NULL,6852,NULL,assignment,NULL,NULL,NULL,0,"2020-01-21 14:12:32","2020-01-21 14:12:32"
556,83,6137,NULL,6853,NULL,assignment,NULL,NULL,NULL,0,"2020-01-21 14:12:32","2020-01-21 14:12:32"
557,83,6137,NULL,6854,NULL,assignment,NULL,NULL,NULL,0,"2020-01-21 14:12:32","2020-01-21 14:12:32"
558,83,6137,NULL,6855,NULL,assignment,NULL,NULL,NULL,0,"2020-01-21 14:12:32","2020-01-21 14:12:32"
559,83,6137,NULL,6856,NULL,assignment,NULL,NULL,NULL,0,"2020-01-21 14:12:32","2020-01-21 14:12:32"
560,83,6137,NULL,6876,NULL,assignment,NULL,NULL,NULL,0,"2020-01-21 14:12:32","2020-01-21 14:12:32"
561,83,6137,NULL,6877,NULL,assignment,NULL,NULL,NULL,0,"2020-01-21 14:12:32","2020-01-21 14:12:32"
562,83,6137,NULL,6878,NULL,assignment,NULL,NULL,NULL,0,"2020-01-21 14:12:32","2020-01-21 14:12:32"
563,83,6137,NULL,6879,NULL,assignment,NULL,NULL,NULL,0,"2020-01-21 14:12:32","2020-01-21 14:12:32"
564,83,6137,NULL,6880,NULL,assignment,NULL,NULL,NULL,0,"2020-01-21 14:12:32","2020-01-21 14:12:32"
565,83,6137,NULL,6881,NULL,assignment,NULL,NULL,NULL,0,"2020-01-21 14:12:32","2020-01-21 14:12:32"
566,83,6137,NULL,6882,NULL,assignment,NULL,NULL,NULL,0,"2020-01-21 14:12:32","2020-01-21 14:12:32"
567,83,6137,NULL,6883,NULL,assignment,NULL,NULL,NULL,0,"2020-01-21 14:12:32","2020-01-21 14:12:32"
568,83,6137,NULL,6890,NULL,assignment,NULL,NULL,NULL,0,"2020-01-21 14:12:32","2020-01-21 14:12:32"
569,83,6137,NULL,6891,NULL,assignment,NULL,NULL,NULL,0,"2020-01-21 14:12:32","2020-01-21 14:12:32"
570,83,6137,NULL,6892,NULL,assignment,NULL,NULL,NULL,0,"2020-01-21 14:12:32","2020-01-21 14:12:32"
571,83,6137,NULL,6893,NULL,assignment,NULL,NULL,NULL,0,"2020-01-21 14:12:32","2020-01-21 14:12:32"
572,83,6137,NULL,6894,NULL,assignment,NULL,NULL,NULL,0,"2020-01-21 14:12:32","2020-01-21 14:12:32"
573,83,6137,NULL,6985,NULL,assignment,NULL,NULL,NULL,0,"2020-01-21 14:12:32","2020-01-21 14:12:32"
574,83,6137,NULL,6987,NULL,assignment,NULL,NULL,NULL,0,"2020-01-21 14:12:32","2020-01-21 14:12:32"
575,83,6137,NULL,6988,NULL,assignment,NULL,NULL,NULL,0,"2020-01-21 14:12:32","2020-01-21 14:12:32"
576,83,6137,NULL,6989,NULL,assignment,NULL,NULL,NULL,0,"2020-01-21 14:12:32","2020-01-21 14:12:32"
577,83,6137,NULL,6990,NULL,assignment,NULL,NULL,NULL,0,"2020-01-21 14:12:32","2020-01-21 14:12:32"
578,83,6137,NULL,6992,NULL,assignment,NULL,NULL,NULL,0,"2020-01-21 14:12:32","2020-01-21 14:12:32"
579,83,6137,NULL,6993,NULL,assignment,NULL,NULL,NULL,0,"2020-01-21 14:12:32","2020-01-21 14:12:32"
580,83,6137,NULL,6994,NULL,assignment,NULL,NULL,NULL,0,"2020-01-21 14:12:32","2020-01-21 14:12:32"
581,83,6137,NULL,6995,NULL,assignment,NULL,NULL,NULL,0,"2020-01-21 14:12:32","2020-01-21 14:12:32"
582,83,6137,NULL,6996,NULL,assignment,NULL,NULL,NULL,0,"2020-01-21 14:12:32","2020-01-21 14:12:32"
583,83,6137,NULL,6998,NULL,assignment,NULL,NULL,NULL,0,"2020-01-21 14:12:32","2020-01-21 14:12:32"
584,83,6137,NULL,6999,NULL,assignment,NULL,NULL,NULL,0,"2020-01-21 14:12:32","2020-01-21 14:12:32"
585,83,6137,NULL,7000,NULL,assignment,NULL,NULL,NULL,0,"2020-01-21 14:12:32","2020-01-21 14:12:32"
586,83,6137,NULL,7003,NULL,assignment,NULL,NULL,NULL,0,"2020-01-21 14:12:32","2020-01-21 14:12:32"
587,83,6137,NULL,7004,NULL,assignment,NULL,NULL,NULL,0,"2020-01-21 14:12:32","2020-01-21 14:12:32"
588,83,6137,NULL,7005,NULL,assignment,NULL,NULL,NULL,0,"2020-01-21 14:12:32","2020-01-21 14:12:32"
589,83,6137,NULL,7006,NULL,assignment,NULL,NULL,NULL,0,"2020-01-21 14:12:32","2020-01-21 14:12:32"
590,83,6137,NULL,7007,NULL,assignment,NULL,NULL,NULL,0,"2020-01-21 14:12:32","2020-01-21 14:12:32"
591,83,6137,NULL,7008,NULL,assignment,NULL,NULL,NULL,0,"2020-01-21 14:12:32","2020-01-21 14:12:32"
592,83,6137,NULL,7009,NULL,assignment,NULL,NULL,NULL,0,"2020-01-21 14:12:32","2020-01-21 14:12:32"
593,83,6137,NULL,7012,NULL,assignment,NULL,NULL,NULL,0,"2020-01-21 14:12:32","2020-01-21 14:12:32"
594,83,6137,NULL,7013,NULL,assignment,NULL,NULL,NULL,0,"2020-01-21 14:12:32","2020-01-21 14:12:32"
595,83,6137,NULL,7014,NULL,assignment,NULL,NULL,NULL,0,"2020-01-21 14:12:32","2020-01-21 14:12:32"
596,83,6137,NULL,7015,NULL,assignment,NULL,NULL,NULL,0,"2020-01-21 14:12:33","2020-01-21 14:12:33"
597,83,6137,NULL,7016,NULL,assignment,NULL,NULL,NULL,0,"2020-01-21 14:12:33","2020-01-21 14:12:33"
598,83,6137,NULL,7020,NULL,assignment,NULL,NULL,NULL,0,"2020-01-21 14:12:33","2020-01-21 14:12:33"
599,83,6137,NULL,7021,NULL,assignment,NULL,NULL,NULL,0,"2020-01-21 14:12:33","2020-01-21 14:12:33"
600,83,6137,NULL,7248,NULL,assignment,NULL,NULL,NULL,0,"2020-01-21 14:12:33","2020-01-21 14:12:33"
601,83,6137,NULL,7249,NULL,assignment,NULL,NULL,NULL,0,"2020-01-21 14:12:33","2020-01-21 14:12:33"
602,83,6137,NULL,7250,NULL,assignment,NULL,NULL,NULL,0,"2020-01-21 14:12:33","2020-01-21 14:12:33"
603,83,6137,NULL,7252,NULL,assignment,NULL,NULL,NULL,0,"2020-01-21 14:12:33","2020-01-21 14:12:33"
604,83,6137,NULL,7253,NULL,assignment,NULL,NULL,NULL,0,"2020-01-21 14:12:33","2020-01-21 14:12:33"
605,83,6137,NULL,7254,NULL,assignment,NULL,NULL,NULL,0,"2020-01-21 14:12:33","2020-01-21 14:12:33"
606,83,6137,NULL,7255,NULL,assignment,NULL,NULL,NULL,0,"2020-01-21 14:12:33","2020-01-21 14:12:33"
607,83,6137,NULL,7256,NULL,assignment,NULL,NULL,NULL,0,"2020-01-21 14:12:33","2020-01-21 14:12:33"
608,83,6137,NULL,7258,NULL,assignment,NULL,NULL,NULL,0,"2020-01-21 14:12:33","2020-01-21 14:12:33"
609,83,6137,NULL,7259,NULL,assignment,NULL,NULL,NULL,0,"2020-01-21 14:12:33","2020-01-21 14:12:33"
610,83,6137,NULL,7260,NULL,assignment,NULL,NULL,NULL,0,"2020-01-21 14:12:33","2020-01-21 14:12:33"
611,83,6137,NULL,7261,NULL,assignment,NULL,NULL,NULL,0,"2020-01-21 14:12:33","2020-01-21 14:12:33"
612,83,6137,NULL,7262,NULL,assignment,NULL,NULL,NULL,0,"2020-01-21 14:12:33","2020-01-21 14:12:33"
613,83,6137,NULL,7380,NULL,assignment,NULL,NULL,NULL,0,"2020-01-21 14:12:33","2020-01-21 14:12:33"
614,83,6137,NULL,7381,NULL,assignment,NULL,NULL,NULL,0,"2020-01-21 14:12:33","2020-01-21 14:12:33"
615,83,6137,NULL,7382,NULL,assignment,NULL,NULL,NULL,0,"2020-01-21 14:12:33","2020-01-21 14:12:33"
616,83,6137,NULL,7510,NULL,assignment,NULL,NULL,NULL,0,"2020-01-21 14:12:33","2020-01-21 14:12:33"
617,83,6137,NULL,7511,NULL,assignment,NULL,NULL,NULL,0,"2020-01-21 14:12:33","2020-01-21 14:12:33"
618,83,6137,NULL,7512,NULL,assignment,NULL,NULL,NULL,0,"2020-01-21 14:12:33","2020-01-21 14:12:33"
619,83,6137,NULL,7513,NULL,assignment,NULL,NULL,NULL,0,"2020-01-21 14:12:33","2020-01-21 14:12:33"
620,83,6137,NULL,7514,NULL,assignment,NULL,NULL,NULL,0,"2020-01-21 14:12:33","2020-01-21 14:12:33"
621,83,6137,NULL,7515,NULL,assignment,NULL,NULL,NULL,0,"2020-01-21 14:12:33","2020-01-21 14:12:33"
622,83,6137,NULL,7516,NULL,assignment,NULL,NULL,NULL,0,"2020-01-21 14:12:33","2020-01-21 14:12:33"
623,83,6137,NULL,7548,NULL,assignment,NULL,NULL,NULL,0,"2020-01-21 14:12:33","2020-01-21 14:12:33"
624,83,6137,NULL,NULL,NULL,final,NULL,NULL,0.00,0,"2020-01-21 14:12:33","2020-01-21 14:12:33"
